{
  "Tal": {
    "2": {
      "x": 2.97,
      "y": 7.01,
      "z": 0.0
    },
    "3": {
      "x": 4.0,
      "y": 7.9,
      "z": 8.0
    },
    "boundry": [
      {
        "x": 69.2578125,
        "y": 69.20572916666666
      },
      {
        "x": 324.66796875,
        "y": 107.98502604166666
      },
      {
        "x": 253.916015625,
        "y": 539.9381510416666
      },
      {
        "x": 66.97265625,
        "y": 567.3990885416666
      }
    ],
    "origin": {
      "x": 184.5703125,
      "y": 234.71354166666666
    }
  },
  "Test": {}
}