{
  "Tal": {
    "2": {
      "x": 2.97,
      "y": 7.01,
      "z": 0.0
    },
    "3": {
      "x": 4.0,
      "y": 7.9,
      "z": 8.0
    },
    "boundry": [
      {
        "x": 29.5514880952381,
        "y": 9.595982142857144
      },
      {
        "x": 311.45416666666665,
        "y": 46.77232142857136
      },
      {
        "x": 90.20089285714292,
        "y": 317.99999999999966
      },
      {
        "x": 23.765476190476196,
        "y": 197.4754464285718
      }
    ],
    "origin": {
      "x": 58.19880952380952,
      "y": 214.38392857142858
    },
    "4": {
      "x": 0.2,
      "y": 0.6,
      "z": 0.0
    },
    "5": {
      "x": 2.06,
      "y": 6.08,
      "z": 0.0
    },
    "6": {
      "x": 2.11,
      "y": 3.51,
      "z": 0.0
    },
    "7": {
      "x": -0.21,
      "y": 4.06,
      "z": 0.0
    },
    "8": {
      "x": -0.01,
      "y": 0.17,
      "z": 0.0
    },
    "9": {
      "x": 1.77,
      "y": -3.01,
      "z": 0.0
    },
    "10": {
      "x": 1.33,
      "y": -0.5,
      "z": 0.0
    },
    "11": {
      "x": 1.99,
      "y": 2.3,
      "z": 0.0
    }
  },
  "Test": {}
}